NetworkId,AuthorId,FullName,AffiliationName,TotalPublications,TotalCitations,FirstYear,gender_only,intersectional,race_ethnicity,AuthorGender
0,9522859,mila kryjevskaia,North Dakota State University,1,42,2013,0,0,0,True
1,10485675,michele g wheatly,West Virginia University,1,23,2013,1,0,0,True
2,15232934,carol colatrella,Georgia Institute of Technology,1,79,2006,7,0,1,True
3,28949107,erika marinspiotta,University of Wisconsin-Madison,6,33,2010,3,1,2,True
4,35950822,nana oseikofi,Oregon State University,1,5,2019,7,1,6,True
5,39964958,kerry k karukstis,,4,19,2010,2,0,0,True
6,41207434,janis p terpenny,,1,2,2009,0,0,1,True
7,52377311,jill m bystydzienski,Ohio State University,1,67,2015,21,3,0,True
8,56787795,ashli j sheidow,Medical University of South Carolina,1,1,2018,5,0,0,True
9,57944164,erika g offerdahl,,2,43,2013,1,0,0,True
10,58797248,rhonda c magel,North Dakota State University,2,2,2013,1,0,0,True
11,66115545,judith k ockene,University of Massachusetts Medical School,1,2,2019,95,2,3,True
12,70032249,cynthia k riemenschneider,Baylor University,1,9,2010,7,1,1,True
13,77015719,dafna gelbgiser,,2,162,2013,9,0,3,True
14,78364912,canan bilengreen,North Dakota State University,15,28,2010,6,1,1,True
15,78915436,elizabeth litzler,,2,10,2007,7,2,8,True
16,80964880,donna sollie,,2,1,2010,0,0,0,True
17,92265852,corinna schlombs,,1,3,2015,1,0,0,True
18,103281186,emily polander,Wright State University,1,23,2013,0,0,0,True
19,113207831,ellen m broido,Bowling Green State University,1,19,2019,14,0,1,True
20,115937147,cali l anicha,North Dakota State University,8,25,2012,3,0,0,True
21,122506583,rebecca richardskortum,,1,0,2008,3,0,2,True
22,137592113,jeffrey e froyd,Ohio State University,2,8,2017,0,0,0,False
23,141713694,aimee lapointe terosky,Saint Joseph's University,4,226,2008,4,0,1,True
24,142840232,enrica n ruggs,University of North Carolina at Charlotte,1,13,2015,11,1,4,True
25,145564527,martijn van zomeren,,1,5,2018,3,1,4,False
26,151155029,amy stambach,University of Wisconsin-Madison,2,66,2003,11,0,1,True
27,161593142,michelle r hebl,Rice University,5,328,2009,30,1,10,True
28,165931236,michael sukyoung chwe,"University of California, Los Angeles",1,9,2018,1,0,0,False
29,166330196,starr roxanne hiltz,New Jersey Institute of Technology,1,8,2007,0,0,0,True
30,168654992,krista lynn minnotte,University of North Dakota,1,52,2010,9,1,2,True
31,172313633,thomas j zagenczyk,Clemson University,1,4,2018,0,0,0,False
32,181942829,jennifer e mihalick,,1,0,2019,0,0,0,True
33,191607567,jessica t decuirgunby,,4,25,2009,11,4,20,True
34,213821190,matthew w ohland,,1,1,2013,7,4,13,False
35,214342114,andrew lounder,,3,53,2011,0,0,0,False
36,218688074,mark v roehling,Michigan State University,1,11,2009,1,0,2,False
37,220326450,laurie a rudman,Rutgers University,1,100,2013,38,1,5,True
38,220836205,corinne a mossracusin,Skidmore College,1,108,2015,34,1,4,True
39,233065341,barbara polnick,,1,2,2014,2,0,0,True
40,234133296,yvette m huet,,1,33,2011,1,0,0,True
41,252819215,jammie bentonspeyers,,1,4,2004,0,0,0,True
42,254529698,eve a riskin,,4,21,2007,3,0,0,True
43,254619665,mary deane sorcinelli,University of Massachusetts Amherst,1,1,2016,1,0,1,False
44,258919189,dawn bratschprince,,1,0,2012,1,1,0,True
45,266871166,mary r andersonrowland,Arizona State University,1,0,2006,1,0,22,True
46,266880338,sophie trawalter,University of Virginia,2,3,2019,3,4,27,True
47,282289003,elin m skagerberg,Tavistock and Portman NHS Foundation Trust,1,13,2015,10,0,0,True
48,283419844,janet k swim,Pennsylvania State University,1,73,2014,20,1,16,True
49,302384665,mary blairloy,"University of California, San Diego",2,94,2014,11,0,3,True
50,306357285,jennifer normanly,,1,13,2017,0,0,0,True
51,316137364,caterina scoglio,Kansas State University,1,1,2007,5,0,0,True
52,322080919,laurel smithdoerr,,2,22,2014,12,1,5,True
53,323845336,cecilia h marzabadi,,1,5,2011,3,0,0,True
54,326967685,katherine j kuchenbecker,University of Pennsylvania,1,0,2007,0,0,0,True
55,343426930,melissa c thomashunt,University of Virginia,1,36,2009,2,0,2,True
56,349430055,tamela mcnulty eitle,Montana State University,1,8,2009,6,0,10,True
57,355384540,ruth a streveler,Purdue University,1,36,2008,0,0,0,True
58,386376997,s marie mccarther,,2,15,2005,0,0,0,
59,403251530,francine d blau,Cornell University,2,104,2010,66,4,15,True
60,433290194,m claire hornerdevine,,2,7,2016,1,0,1,
61,436367620,h tuba ozkanhaller,Oregon State University,1,5,2019,0,0,0,
62,457321888,kim a weeden,,2,162,2013,7,0,1,True
63,462794610,valerie gray hardcastle,University of Cincinnati,1,3,2019,2,1,1,True
64,556079008,delaram kahrobaei,New York City College of Technology,1,0,2016,0,0,0,True
65,673695052,paula caligiuri,Northeastern University,1,3,2016,1,0,0,True
66,681344109,lori pbert,University of Massachusetts Medical School,1,2,2019,2,0,1,True
67,689186489,virginia valian,"The Graduate Center, CUNY",3,62,2007,10,0,4,True
68,694564929,chris francovich,,1,0,2019,0,0,0,False
69,696078785,audrey rorrer,,1,33,2011,0,1,2,True
70,921508122,sandra sgoutasemch,University of San Diego,2,1,2014,2,1,0,True
71,1118227787,amanda v bakian,Utah State University,1,7,2010,2,0,3,True
72,1141066895,patricia drentea,,1,0,2017,3,0,3,True
73,1146000805,francesca r jensenius,Norwegian Institute of International Affairs,1,9,2018,6,1,1,True
74,1185511109,angela byarswinston,University of Wisconsin-Madison,2,55,2011,5,1,7,True
75,1209151651,stacie furstholloway,,2,5,2019,2,1,1,True
76,1215097206,diana bilimoria,,8,507,2006,33,0,8,True
77,1217708737,luanne e thorndyke,University of Massachusetts Medical School,1,2,2019,3,0,0,True
78,1222050478,don gruenbacher,Kansas State University,1,1,2007,0,0,0,False
79,1238661308,lisa k hanasono,RMIT University,1,19,2019,2,0,3,True
80,1244449816,farrah jacquez,University of Cincinnati,1,3,2019,2,2,6,True
81,1252368773,james n druckman,Northwestern University,1,1,2019,6,0,8,False
82,1257729924,stephanie pfirman,,7,187,2007,5,0,1,True
83,1343320112,jennifer chougreen,,2,1,2005,0,0,0,True
84,1428443484,sarah thebaud,,2,40,2007,19,0,2,True
85,1459411903,mary ballyk,New Mexico State University,1,1,2005,0,0,0,True
86,1462169271,miles hewstone,University of Oxford,1,102,2017,29,0,40,False
87,1493551498,mary e rezac,Kansas State University,1,0,2006,0,0,0,True
88,1495832506,marjorie darrah,,3,10,2014,0,0,0,True
89,1600511895,julie a kmec,,4,8,2013,14,2,8,True
90,1636145280,lisa l harlow,University of Rhode Island,3,76,2006,16,2,0,True
91,1649882646,carol feghalibostwick,Medical University of South Carolina,1,1,2018,1,0,0,True
92,1663406023,kathryn scantlebury,University of Delaware,1,5,2004,25,4,3,True
93,1665081160,catherine white berheide,Skidmore College,6,16,2010,8,0,1,True
94,1708224980,julia e fulghum,University of New Mexico,1,0,2018,0,0,0,True
95,1719983759,christopher n brammer,University of Oklahoma,1,4,2008,1,0,0,False
96,1744274639,amy s wharton,Washington State University Vancouver,2,12,2014,11,0,1,True
97,1758355683,peggy desautels,University of Dayton,1,23,2013,11,0,0,True
98,1767926371,joanne a smieja,,1,0,2019,0,0,0,True
99,1781286887,berrin tansel,,1,0,2014,1,0,0,True
100,1792399517,helen m buettner,Rutgers University,1,100,2013,0,0,0,True
101,1801286119,ann m beutel,University of Oklahoma,1,22,2006,10,0,5,True
102,1809648712,danielle lavaquemanty,,2,60,2007,1,0,1,True
103,1829742341,elizabeth wemlinger,University of North Carolina at Chapel Hill,1,0,2019,6,0,0,True
104,1839283322,samantha e forde,"University of California, Santa Cruz",1,6,2016,1,0,0,True
105,1858413244,ron c mittelhammer,Washington State University,1,2,2019,1,0,1,False
106,1864273671,molly sween,Iowa State University,1,3,2011,0,0,0,True
107,1866303360,kathrin zippel,Northeastern University,6,66,2014,21,0,0,True
108,1885498939,amy lubitow,,1,4,2014,10,0,3,True
109,1899887867,elizabeth long lingo,,1,1,2019,2,0,0,True
110,1914484253,daniel s weller,,1,0,2019,1,0,0,False
111,1930904789,ronda roberts callister,,3,218,2005,1,0,0,False
112,1938848829,cynthia burack,Ohio State University,1,1,2006,14,0,1,True
113,1940731031,elizabeth g creamer,Virginia Tech,5,12,2005,2,0,0,True
114,1948158432,debbie laverie,Texas Tech University,1,4,2018,0,0,0,True
115,1955695787,tamara k nowling,Medical University of South Carolina,1,1,2018,1,0,0,True
116,1958349758,molly carnes,University of Wisconsin-Madison,22,748,2003,32,1,11,True
117,1961336676,patricia j culligan,,3,5,2008,0,0,0,True
118,1963678361,elizabeth a burroughs,,2,0,2013,1,0,0,True
119,1966826163,catherine mavriplis,University of Ottawa,3,95,2009,2,0,1,True
120,1967180460,maria m plummer,New Jersey Institute of Technology,1,8,2007,0,0,0,True
121,1968264051,lisa montplaisir,North Dakota State University,1,42,2013,0,0,0,True
122,1968338551,s j yennello,,2,0,2015,4,0,0,True
123,1970602546,leslie e tower,West Virginia University,4,40,2014,9,0,0,True
124,1971054660,david j samuels,University of Minnesota,2,10,2018,5,0,2,False
125,1973117605,brian coller,Northern Illinois University,1,1,2015,0,0,0,False
126,1978074488,mary virnoche,Humboldt State University,1,3,2014,1,0,3,True
127,1978786987,mala htun,,4,12,2017,29,1,5,True
128,1979681974,deanna prall,"California State Polytechnic University, Pomona",1,1,2011,0,0,0,True
129,1980088967,e a eschenbach,Humboldt State University,1,3,2014,3,0,4,True
130,1982059310,christiane spitzmueller,University of Houston,5,20,2018,0,0,1,True
131,1982184149,lois ongley,Unity College,2,46,2003,2,0,0,True
132,1982865720,tahira m probst,Washington State University,6,74,2014,3,1,0,True
133,1983617293,claudia peus,Technische Universität München,1,46,2019,5,0,0,True
134,1985899296,alice l pawley,,11,94,2010,12,3,9,True
135,1986397369,peggy layne,Virginia Tech,1,0,2011,1,0,1,True
136,1986898914,karen a froelich,North Dakota State University,3,4,2010,2,0,0,True
137,1988411310,michael r golinski,New Mexico State University,1,1,2005,0,0,0,False
138,1988634141,holly m hutchins,University of Houston,1,6,2019,0,1,0,True
139,1989315940,jeralynn s cossman,West Virginia University,1,3,2019,3,1,6,
140,1989952256,deborah a kaminski,Rensselaer Polytechnic Institute,1,96,2012,0,0,0,True
141,1990913831,asmeret asefaw berhe,"University of California, Merced",3,27,2020,3,0,3,True
142,1993334886,matthew j zawadzki,"University of California, Merced",5,216,2011,7,1,2,False
143,1994882702,donna k ginther,University of Kansas,2,104,2010,19,1,7,True
144,1994945948,cinnamon l danube,University of Washington,3,161,2012,11,0,0,True
145,1995353821,suzette caleo,Louisiana State University,1,6,2019,8,0,0,True
146,1996503892,christina d falci,University of Nebraska–Lincoln,3,40,2016,2,0,2,True
147,1997138835,jamison v kovach,University of Houston,1,6,2019,0,1,0,False
148,1997556072,nicole t buchanan,Michigan State University,1,12,2020,26,16,21,True
149,1997767565,valerie martin conley,,5,3,2010,4,0,0,True
150,1999187860,loriann roberson,Columbia University,2,87,2010,1,0,5,True
151,1999302880,lynette kvasny,Pennsylvania State University,1,9,2010,31,8,8,True
152,2000239414,lane strathearn,University of Iowa,1,3,2018,20,0,0,False
153,2000910484,leanne m mauriello,,1,21,2006,1,0,1,True
154,2003410570,cheryl beil,George Washington University,1,46,2010,0,0,0,True
155,2006755980,anna c faul,University of Louisville,1,8,2015,4,0,0,True
156,2008112171,lisa m baird,University of San Diego,2,1,2014,0,1,0,True
157,2008323596,shannon d willoughby,Montana State University,1,6,2018,0,0,0,True
158,2009826892,jordana hoegh,Purdue University,3,13,2010,0,0,0,True
159,2011367120,christi r mcgeorge,,4,11,2012,31,1,2,True
160,2013306538,adrienne r minerick,,1,0,2014,3,0,1,True
161,2014009865,deborah l plummer,University of Massachusetts Medical School,1,2,2019,1,0,0,True
162,2016058877,cecily jeser cannavale,,1,4,2004,0,0,0,True
163,2018181532,anna kaatz,University of Wisconsin-Madison,1,31,2012,6,0,5,True
164,2019688628,tanja hentschel,University of Amsterdam,1,46,2019,2,0,0,True
165,2022555931,monica c skewes,,2,12,2017,4,0,1,True
166,2025929282,brian a eiler,University of Cincinnati,1,0,2014,0,0,0,False
167,2026613717,balasubramaniam natarajan,Kansas State University,1,1,2007,0,0,0,False
168,2028469872,barbara hacker,"California State Polytechnic University, Pomona",2,7,2009,1,0,0,True
169,2029039913,frank l samson,University of Miami,1,9,2014,3,0,7,False
170,2030142669,elizabeth debartolo,,1,3,2011,0,0,0,True
171,2031222342,penny j gilmer,,1,0,2014,7,0,0,True
172,2031416694,elizabeth borland,The College of New Jersey,3,2,2012,6,0,1,True
173,2032096512,isis h settles,University of Michigan,1,12,2020,25,11,13,True
174,2036105666,elizabeth heitman,University of Texas Southwestern Medical Center,1,3,2019,0,0,1,True
175,2036765705,sandra d eksioglu,,1,0,2014,0,0,1,True
176,2036914667,ramona gunter,University of Wisconsin–River Falls,2,66,2003,1,0,0,True
177,2036977769,natalie foster,Lehigh University,1,5,2011,1,0,0,True
178,2037167577,sara helms,Samford University,1,11,2014,1,0,0,True
179,2039382851,christine wiedinmyer,National Center for Atmospheric Research,4,9,2010,1,0,0,True
180,2040749310,beverly j irby,,1,2,2014,14,1,3,True
181,2041388381,emma jeanes,,1,35,2011,10,0,0,True
182,2042141023,quentin jones,New Jersey Institute of Technology,1,8,2007,1,0,0,False
183,2043279835,bill rocque,University of Redlands,1,29,2009,0,0,0,False
184,2044224519,amy blackstone,University of Maine,3,27,2013,6,0,0,True
185,2046261845,matthew meekins,,1,5,2011,0,0,0,False
186,2046488343,stephanie farrell,Rowan University,1,0,2016,3,0,1,True
187,2048822513,sandra w gahn,,2,1,2012,1,1,0,True
188,2050692601,beth a montelone,Kansas State University,6,3,2005,1,0,1,True
189,2051318277,phoebe s leboy,University of Pennsylvania,2,144,2011,1,0,1,True
190,2053481408,debbie a niemeier,"University of California, Davis",2,37,2004,1,0,4,True
191,2054195843,mindy k shoss,University of Central Florida,1,37,2018,0,0,0,True
192,2055694948,allison l steiner,University of Michigan,3,7,2010,2,0,0,True
193,2058183990,lisa m frehill,,4,77,2004,11,1,2,True
194,2059196163,catherine c eckel,,1,3,2005,2,0,1,True
195,2059315651,a e wendt,,1,13,2014,1,0,0,True
196,2059445756,jill j mccluskey,Washington State University,2,5,2016,1,0,1,True
197,2060112289,joann s lighty,University of Utah,2,1,2005,0,0,0,True
198,2060750452,jennifer l momsen,,2,43,2013,0,0,0,True
199,2062298088,donna j nelson,Massachusetts Institute of Technology,4,166,2005,4,0,2,True
200,2062575506,curt doetkott,North Dakota State University,1,2,2017,1,0,0,False
201,2062726692,stephanie pincus,Society for Women's Health Research,2,144,2011,1,0,0,True
202,2067754752,sandra l laursen,,8,263,2007,6,1,1,True
203,2070283337,kristen p constant,,3,2,2010,1,1,2,True
204,2071273909,rebecca r riffle,Wright State University,2,23,2011,0,0,0,True
205,2072608644,gary j burkholder,University of Rhode Island,1,10,2006,13,2,5,False
206,2072781510,geraldine l richmond,University of Oregon,1,5,2004,9,0,2,True
207,2076316753,mary lucero ferrel,"California State Polytechnic University, Pomona",2,7,2009,0,0,0,True
208,2084544440,sara wadiafascetti,Northeastern University,1,1,2016,0,0,0,True
209,2085687414,patricia a higgins,Case Western Reserve University,1,87,2006,0,0,0,True
210,2086420469,charlotte chorn dunham,Texas Tech University,1,5,2012,5,0,2,True
211,2088125271,david a koonce,,5,3,2010,2,0,0,False
212,2088870278,eve fine,,6,281,2005,3,0,0,True
213,2091100358,fehmidah munir,Loughborough University,1,28,2019,3,0,0,
214,2093839074,igor ryabov,University of Texas–Pan American,1,3,2008,4,1,4,False
215,2095879130,clair brown,,1,0,2013,2,0,0,False
216,2096068520,erika v hall,,1,17,2016,6,3,7,True
217,2096118353,mary e dozier,Rice University,1,154,2013,0,0,0,True
218,2096558551,diane c bates,The College of New Jersey,3,2,2012,2,0,0,True
219,2097435325,barbara silver,University of Rhode Island,2,66,2006,2,0,0,True
220,2097746944,meredith g hastings,Brown University,5,17,2010,1,0,0,True
221,2097881291,barbara l whitten,,1,0,2010,3,0,0,True
222,2097985379,marina kogan,University of Colorado Boulder,1,3,2015,1,0,0,True
223,2098824219,in paik,Cornell University,1,1168,2007,0,0,0,
224,2099333230,laura e rogers,"University of California, San Diego",1,10,2018,4,0,0,True
225,2099694981,coleen carrigan,,4,15,2007,6,1,0,True
226,2099947941,chardie l baird,Kansas State University,1,0,2011,7,0,4,
227,2100058920,melissa latimer,West Virginia University,6,70,2013,4,0,0,True
228,2100300577,erin a mcclure,Medical University of South Carolina,1,1,2018,3,0,0,True
229,2100410148,cheryl geisler,Simon Fraser University,2,125,2007,0,0,0,True
230,2100635818,sarah barnard,Loughborough University,1,28,2019,11,0,1,True
231,2100700970,jane friedman,University of San Diego,2,1,2014,1,1,0,True
232,2100887571,billy m williams,American Geophysical Union,1,14,2020,1,0,0,False
233,2100922132,deborah belle,,1,9,2014,1,0,0,True
234,2101317249,beth m holloway,,1,0,2014,3,0,2,True
235,2101959038,elisabeth sheff,,1,0,2010,7,0,0,True
236,2102672675,karen graham,,1,2,2019,1,0,0,True
237,2103089191,jessi l smith,University of Colorado Colorado Springs,10,197,2013,15,0,3,True
238,2103470273,manuela romero,,1,0,2005,0,0,0,True
239,2104016227,asia a eaton,Florida International University,2,15,2013,22,2,3,True
240,2104025012,arturo casadevall,Albert Einstein College of Medicine,1,44,2013,3,0,11,False
241,2104196809,annette m oconnor,Iowa State University,1,1,2012,4,0,0,True
242,2104250373,mary anne holmes,,8,119,2003,7,0,0,True
243,2104315591,rachelle s heller,,2,48,2010,2,0,0,True
244,2104446911,cathy kessel,,1,6,2011,1,0,0,True
245,2104697110,margaret e beier,,2,35,2009,1,0,1,True
246,2105216374,charlene sorensen,,2,48,2010,1,0,1,True
247,2105388100,jessica l cundiff,Colgate University,1,62,2014,7,0,0,True
248,2105878263,ivy k ho,University of Massachusetts Lowell,1,2,2019,4,2,4,True
249,2106158877,carol isaac,University of Wisconsin-Madison,3,205,2009,9,0,1,True
250,2106635299,anita g welch,,1,3,2014,0,0,0,True
251,2106668899,elisa h barney smith,Boise State University,1,0,2007,0,0,0,False
252,2107471854,wanda lott collins,University of Louisville,1,8,2015,3,0,0,True
253,2108261100,quincy brown,,1,1,2015,3,2,1,False
254,2108763070,michelle d deardorff,,4,0,2013,5,2,4,True
255,2109356130,caryn j block,Columbia University,2,87,2010,4,1,7,True
256,2109447746,vanessa a jean,Texas A&M University,1,10,2015,2,0,0,True
257,2109508545,jessica winchell,University of Wisconsin-Madison,3,13,2006,1,0,0,True
258,2109568419,jyotsna vaid,,1,0,2019,4,1,1,True
259,2109937849,shannon n davis,George Mason University,1,30,2016,22,0,6,True
260,2110692970,eileen m trauth,Pennsylvania State University,1,9,2010,36,14,8,True
261,2110710273,marcia texler segal,,1,5,2014,31,5,2,True
262,2111033965,alice e smith,,2,1,2010,1,0,0,True
263,2111541038,barbara j guthrie,,2,3,2016,18,6,5,True
264,2111735046,stacy blakebeard,,1,0,2018,10,5,5,True
265,2112180440,carolyn fonseca,University of Georgia,2,114,2006,0,0,0,True
266,2112897735,alexander v zale,Montana State University,1,40,2015,1,0,0,False
267,2112987790,wendi l benson,Nevada State College,3,11,2014,0,0,0,True
268,2113407365,john m carey,Dartmouth College,1,0,2017,2,0,7,False
269,2113436029,deborah j armstrong,,1,9,2010,5,1,0,True
270,2113514793,eric freeman,,1,0,2013,0,0,0,False
271,2113585675,richard k martin,,4,2,2015,0,0,0,False
272,2113696294,samuel t mcabee,Illinois Institute of Technology,1,12,2016,0,0,0,False
273,2114369888,k d joshi,Washington State University,1,9,2010,11,7,2,True
274,2114416233,ann q gates,,1,0,2005,0,0,0,True
275,2114436856,stephen benard,,2,1184,2007,2,0,1,False
276,2115177649,daydrie hague,,2,1,2010,0,0,0,
277,2115200962,elizabeth niehaus,University of Nebraska–Lincoln,1,36,2015,1,0,5,True
278,2115280472,cristina gonzalez,,1,36,2004,1,0,0,True
279,2115322993,linley lord,,1,2,2014,3,0,0,True
280,2115656422,perla myers,University of San Diego,2,1,2014,1,1,0,True
281,2115813021,asia friedman,University of Delaware,1,10,2020,2,0,4,True
282,2115848934,maja husar holmes,West Virginia University,1,9,2016,2,0,0,False
283,2116878756,rebecca j thompson,University of Baltimore,1,10,2015,4,0,1,True
284,2117470622,anand desai,Ohio State University,1,67,2015,1,0,0,False
285,2118046191,annemarie d ross,Rochester Institute of Technology,1,0,2019,1,0,0,True
286,2118188440,maja graso,University of Otago,2,6,2014,2,0,0,True
287,2119104087,pamela brown,New York City College of Technology,1,0,2016,0,0,0,True
288,2119155579,karl a smith,Purdue University,1,36,2008,0,1,0,False
289,2119368384,bonnie r rush,Kansas State University,1,0,2007,0,0,0,True
290,2119748376,lori l bakken,,2,71,2003,2,0,4,True
291,2120083236,kimberly buch,University of North Carolina at Charlotte,1,33,2011,0,0,0,True
292,2120458397,robin e bell,,6,11,2007,7,0,1,False
293,2120670537,arlene m fiore,,1,0,2010,0,0,0,True
294,2121880025,kelly a rusch,Louisiana State University,1,4,2008,0,0,0,True
295,2122065196,mary frank fox,Georgia Institute of Technology,9,796,2003,21,0,0,True
296,2122165791,stephanie a shields,Pennsylvania State University,5,216,2011,40,13,1,True
297,2122262560,susana pena,Bowling Green State University,1,19,2019,6,0,0,True
298,2122499929,joan c williams,,3,72,2014,50,4,6,True
299,2122511687,karen v root,Bowling Green State University,1,19,2019,1,0,0,True
300,2123940098,abigail j stewart,,4,181,2007,77,11,14,True
301,2124359343,patricia flatley brennan,University of Wisconsin-Madison,1,5,2006,1,0,0,True
302,2124484104,orlando c richard,University of Texas at Dallas,1,3,2019,6,0,14,False
303,2124595014,bonnie s bowen,,2,1,2012,1,1,0,True
304,2125072794,cora bagley marrett,,1,185,2005,2,0,0,True
305,2125393780,anil pahwa,Kansas State University,1,1,2007,2,0,0,False
306,2125644646,robin o andreasen,University of Delaware,2,10,2019,1,0,2,False
307,2125828514,jennifer karlin,,2,1,2009,1,0,0,True
308,2126350712,tuere bowles,,1,1,2010,2,1,4,
309,2126502065,kijana crawford,Rochester Institute of Technology,1,0,2014,0,0,0,
310,2126555440,lesley g campbell,Rice University,1,154,2013,0,0,0,True
311,2126892707,ronald l miller,Colorado School of Mines,1,36,2008,0,0,0,False
312,2127347012,connie frey,Southern Illinois University Edwardsville,2,46,2003,3,0,0,True
313,2127751959,kevin r carman,"University of Nevada, Reno",1,0,2017,0,0,2,False
314,2127810971,nancy s mills,,1,0,2010,0,0,0,True
315,2127855283,gwenith g fisher,Colorado State University,1,3,2018,3,0,0,True
316,2128012898,stephanie c payne,Texas A&M University,5,37,2014,2,0,0,True
317,2128026523,susan f cabrera,Cornell University,1,36,2009,1,0,0,True
318,2128264287,meghan c mclean,Rutgers University,1,100,2013,0,0,0,True
319,2128326956,laura l wright,,2,19,2010,2,0,0,True
320,2128448257,ane turner johnson,,1,2,2009,7,1,0,True
321,2129113643,r neill johnson,Pennsylvania State University,1,52,2011,2,0,0,
322,2129294447,rebecca l warner,Oregon State University,2,9,2018,5,0,0,True
323,2129418453,shannon k mccoy,University of Maine,2,21,2013,2,1,0,True
324,2129553444,joyce w yen,,5,27,2007,4,0,1,True
325,2131281498,yusaku horiuchi,Dartmouth College,2,1,2017,4,0,7,False
326,2131339746,stacie e geller,,1,42,2005,5,0,1,True
327,2131595403,anne cox,,1,0,2010,0,0,0,True
328,2132706809,carla a zimmerman,Colorado State University–Pueblo,1,1,2020,2,1,1,True
329,2132761591,mustafa cakir,,1,3,2014,0,0,0,False
330,2133122066,madeline e heilman,New York University,2,52,2019,28,1,0,True
331,2133810797,michelle kay bothwell,Oregon State University,3,9,2018,5,0,0,True
332,2134458403,miriam rossi,,2,19,2010,2,0,0,True
333,2135110850,maria fernanda garcia,University of Texas at El Paso,3,11,2009,1,0,4,True
334,2135259394,kareen ror malone,University of West Georgia,1,127,2009,11,0,2,True
335,2135321256,yiming wang,,1,4,2012,0,0,0,False
336,2136334318,dalinda martinez,Michigan State University,2,12,2015,1,0,0,False
337,2136700333,rebecca t barnes,Colorado College,1,14,2020,0,0,0,True
338,2136796385,susan a nolan,,1,5,2011,2,0,0,True
339,2136913079,rashelle b hayes,Virginia Commonwealth University,1,2,2019,2,0,2,True
340,2138219017,janice m prochaska,,1,21,2006,2,0,1,True
341,2138260540,william l gardner,Texas Tech University,1,4,2018,3,0,0,False
342,2139092588,eileen cashman,Humboldt State University,1,3,2014,3,0,1,True
343,2139827609,sarah winslow,Clemson University,1,30,2016,3,0,0,True
344,2140120644,jill nemiro,"California State Polytechnic University, Pomona",3,22,2007,2,0,0,True
345,2140449765,kate quinn,University of Washington,2,17,2007,0,0,1,True
346,2140716897,ronald j burke,,1,111,2007,46,0,2,False
347,2140857305,annie n simpson,Medical University of South Carolina,1,1,2018,2,0,0,True
348,2140932036,joyce mccarl nielson,University of Colorado Boulder,1,0,2010,1,0,0,True
349,2141086515,lesley s rigg,Northern Illinois University,1,1,2015,0,0,0,True
350,2141780911,elizabeth a shanahan,,2,12,2017,0,0,1,True
351,2141918539,xiangfen liang,,3,316,2006,4,0,0,
352,2142607377,christine s grant,North Carolina State University,4,25,2009,3,3,5,True
353,2142916377,wendy m williams,,1,226,2007,19,0,2,True
354,2143110566,idalia ramos,University of Puerto Rico at Humacao,2,0,2003,0,0,0,True
355,2144021388,nadia e brown,Purdue University,1,1,2019,41,32,23,True
356,2144346919,corri zoli,Syracuse University,3,4,2004,2,0,0,True
357,2144563920,robyn a berkley,,1,29,2007,1,0,0,True
358,2144714344,katherine w phillips,,1,17,2016,12,8,16,True
359,2144772734,christy glass,,2,57,2010,23,0,10,True
360,2145006050,christine a stanley,,1,0,2019,8,2,7,True
361,2145122809,sybil l crawford,University of Massachusetts Medical School,1,2,2019,34,2,6,True
362,2145530910,margaret m yacobucci,Bowling Green State University,1,19,2019,1,0,0,True
363,2145600298,arielle drummond,Carnegie Mellon University,1,0,2007,0,0,0,True
364,2146095479,priscilla a gibson,University of Minnesota,1,8,2015,16,2,9,True
365,2146893927,joyce mccarl nielsen,University of Colorado Boulder,1,128,2007,6,0,0,True
366,2147026269,s a baum,Rochester Institute of Technology,4,7,2011,0,0,0,True
367,2147840436,jan middendorf,Kansas State University,1,0,2011,0,0,0,True
368,2148094133,sharon topp,University of Wisconsin-Madison,1,54,2011,0,0,0,True
369,2148529808,randi c martin,Rice University,1,250,2009,5,0,0,True
370,2148956645,john f dovidio,,3,131,2017,56,4,98,False
371,2149324068,adria lawrence,Johns Hopkins University,1,9,2018,0,0,0,True
372,2149674073,cynthia blaha,,1,0,2010,0,0,0,True
373,2149746194,zhuxi wang,University of Houston,1,3,2018,0,0,0,
374,2149841138,sandy m koch,Columbia University,1,86,2011,0,0,2,True
375,2149893918,sarah m jackson,Wright State University,3,83,2011,2,0,1,True
376,2149894387,ashley grantham,,1,33,2014,0,0,0,True
377,2150711493,christopher mccord,Northern Illinois University,1,1,2015,0,0,0,False
378,2150796916,warren m christensen,North Dakota State University,1,42,2013,0,0,0,False
379,2151231674,claudette m peterson,,1,3,2014,1,0,0,True
380,2151395211,daniel b wright,,1,13,2015,9,0,4,False
381,2152101392,tamera r schneider,Wright State University,2,83,2013,1,0,1,True
382,2152224442,mark kenyon,,1,5,2011,0,0,0,False
383,2152623631,patricia yancey martin,,1,35,2011,1,0,0,False
384,2152738869,kristin m fox,,1,2,2010,1,0,0,True
385,2152923199,nilanjana dasgupta,,2,15,2017,12,0,6,True
386,2153767116,v bala chaudhary,DePaul University,1,12,2020,0,0,1,
387,2153904071,janet currie,Princeton University,2,104,2010,7,0,19,True
388,2154527256,jessica lieberman,,1,3,2015,0,0,0,True
389,2155300725,pamela p martin,,1,1,2010,1,0,9,True
390,2155673833,janice koch,,1,2,2014,4,0,0,True
391,2155781590,bradley j roth,,1,0,2015,0,0,0,False
392,2155798097,christine m shea,,1,2,2019,1,0,0,True
393,2155869378,patricia wonch hill,,1,7,2014,1,0,1,True
394,2155879892,belinda gutierrez,University of Wisconsin-Madison,1,54,2011,0,0,3,True
395,2156255579,stephen j sauer,Clarkson University,1,36,2009,1,0,0,False
396,2156330036,margaret b bailey,Rochester Institute of Technology,12,9,2011,0,1,0,True
397,2156538771,amy levin,Northern Illinois University,1,1,2015,5,0,1,True
398,2156577215,matthew odonnell,University of Washington,1,3,2017,1,0,0,False
399,2156740543,j d laird,,5,10,2007,1,0,0,True
400,2156808385,rachel dempsey,,1,36,2014,1,0,0,True
401,2157221179,maria del carmen triana,University of Wisconsin-Madison,2,0,2009,10,0,16,True
402,2157951996,vasilikie demos,,1,5,2014,27,2,3,
403,2158122252,lynn t singer,,1,5,2019,13,0,1,True
404,2159339470,susan m lord,University of San Diego,3,4,2014,12,6,17,True
405,2159357506,janet e malley,,1,54,2007,7,0,1,True
406,2159884209,michelle m camacho,University of San Diego,3,4,2014,7,5,10,True
407,2160101598,linda m manning,University of Ottawa,2,0,2015,0,0,0,True
408,2160913042,katharine ridgway obrien,,3,30,2015,2,0,0,True
409,2161245207,russell a matthews,University of Alabama,2,7,2018,0,0,0,False
410,2161562719,kathi n miner,Texas A&M University,4,14,2019,9,1,2,True
411,2161661383,judy m vance,Iowa State University,2,1,2005,0,0,1,True
412,2162519689,juan m madera,University of Houston,2,298,2009,11,0,4,False
413,2162820826,sara schley,Rochester Institute of Technology,1,0,2019,2,0,1,True
414,2163377209,meg a bond,University of Massachusetts Lowell,2,2,2017,13,1,2,True
415,2163563836,ann e austin,Michigan State University,2,12,2015,4,0,0,True
416,2163676772,kristine j olson,Dixie State University,1,1,2017,3,0,0,True
417,2163839280,ferric c fang,University of Washington,1,44,2013,4,0,0,
418,2164137528,lori anderson snyder,University of Oklahoma,1,47,2009,1,0,1,True
419,2164623436,julia mcquillan,,1,7,2014,16,3,9,True
420,2165243586,caryl heintz,Texas Tech University,1,5,2012,0,0,0,True
421,2165926699,karla a erickson,Grinnell College,1,6,2010,7,1,2,True
422,2166103127,robyn marschke,,2,128,2007,2,0,0,True
423,2166376958,roger a green,North Dakota State University,7,6,2010,4,0,1,False
424,2167097393,jennifer sheridan,,13,385,2003,10,0,0,True
425,2167842083,jennifer hickes lundquist,University of Massachusetts Amherst,1,33,2012,14,1,13,True
426,2168007699,annabelle foos,,1,2,2004,0,0,0,True
427,2168325799,kimberly fox,,1,0,2016,1,0,0,True
428,2168388852,erika dejonghe,"California State Polytechnic University, Pomona",1,1,2011,2,0,0,True
429,2169197491,lixin jiang,University of Wisconsin–Oshkosh,6,74,2014,0,0,0,
430,2169233636,deborah h john,Oregon State University,1,5,2019,1,0,1,True
431,2169508784,eric j carpenter,,1,1,2010,0,0,1,False
432,2169643998,matthew steffens,Montana State University,1,8,2009,1,0,1,False
433,2169691832,christa smith,Kansas State University,1,0,2011,0,0,1,True
434,2169841102,deborah m kolb,Saint Petersburg State University,1,211,2000,12,0,0,True
435,2170037780,james g hougland,University of Kentucky,2,8,2014,5,0,1,False
436,2170393678,geraldine downey,Columbia University,1,2,2007,6,0,2,True
437,2171459318,elizabeth r brown,University of North Florida,1,108,2015,6,0,1,True
438,2171980115,edgar fuller,West Virginia University,1,0,2016,0,0,0,False
439,2172106574,joya misra,,6,69,2012,21,4,8,True
440,2172106865,simy joy,Case Western Reserve University,1,184,2008,0,0,0,
441,2172195012,sarah r grant,University of North Carolina at Chapel Hill,1,0,2019,5,0,0,True
442,2172259524,brenda major,,1,24,2018,14,0,7,True
443,2178793113,corey schimpf,Concord Consortium,3,5,2013,4,0,1,False
444,2178969228,rachel stoiko,West Virginia University,2,19,2016,3,0,0,True
445,2181973962,sheila edwards lange,University of Washington,1,7,2007,2,0,0,True
446,2182424100,karinna m vernaza,,1,0,2016,0,0,0,True
447,2183569139,a valdeswochinger,,1,0,2003,0,0,0,
448,2185418450,catherine t amelink,Virginia Tech,1,8,2007,0,0,0,True
449,2190080880,kerryann omeara,,26,769,2008,3,0,3,True
450,2193417848,bruce g link,,1,24,2018,17,1,21,False
451,2193926391,lori l taylor,Texas A&M University,2,8,2017,1,0,0,True
452,2194169123,ann burnett,,10,24,2010,5,0,0,True
453,2200705417,stephen j ceci,,1,226,2007,52,0,3,False
454,2200780236,corbin m campbell,Columbia University,4,255,2011,1,0,1,False
455,2201205766,lisa aultmanhall,,1,0,2006,1,0,0,True
456,2205688124,erin a cech,University of Michigan,3,94,2014,20,2,3,True
457,2214534520,kuheli dutt,,1,24,2015,2,0,3,
458,2215529230,susan k gardner,University of Maine,8,167,2012,2,0,0,True
459,2215692108,rachel croson,Michigan State University,2,104,2010,3,0,0,True
460,2218857294,brenda johnson,,1,2,2010,0,0,0,True
461,2218868319,john r rodgers,Baylor College of Medicine,1,12,2016,0,0,0,False
462,2221739356,shanda lauer,North Dakota State University,1,42,2013,0,0,0,True
463,2222041205,derek r avery,Wake Forest University,1,3,2019,5,0,20,False
464,2223838025,maureen valentine,Rochester Institute of Technology,8,6,2011,0,1,0,True
465,2224156275,sharon patricia mason,,8,9,2011,0,0,0,True
466,2224712804,m y lanzerotti,,9,7,2013,3,0,0,True
467,2228628952,lisa m larson,,3,6,2010,3,1,0,True
468,2229351018,betsy dell,Rochester Institute of Technology,1,0,2014,0,0,0,True
469,2229369897,katie oleary,University of Washington,1,3,2017,1,0,0,True
470,2232166977,david a stuart,University of Rhode Island,1,45,2007,0,0,0,False
471,2235879547,chelsea waugaman,,1,5,2011,0,0,0,True
472,2236804240,candice l thomas,,3,13,2018,1,0,0,True
473,2236886623,kristin l scott,Clemson University,1,4,2018,0,0,0,True
474,2240805226,adrienne r cartersowell,Texas A&M University,3,13,2019,6,2,3,True
475,2241385459,maura borrego,Virginia Tech,2,147,2007,4,0,4,True
476,2245268062,amy lisa graves,,1,0,2010,3,0,0,True
477,2248958375,stephen l morgan,Cornell University,1,138,2013,4,0,2,False
478,2250282375,susan s fleming,,1,9,2016,2,0,0,True
479,2250644932,megumi watanabe,Hiroshima University,5,47,2010,1,0,3,True
480,2251053384,audrey j jaeger,,5,56,2014,3,0,3,True
481,2251154788,p rankin,,2,128,2007,2,0,0,True
482,2251261744,carol b muller,,2,1,2005,6,0,0,True
483,2251778788,lori d lindley,,1,0,2016,2,0,0,True
484,2252142763,dyah a hening,,1,1,2011,0,0,0,True
485,2252205290,theda danielsrace,Louisiana State University,1,0,2007,0,0,0,True
486,2254228191,deborah blizzard,Rochester Institute of Technology,1,0,2019,3,0,0,True
487,2255863163,j kasi jackson,West Virginia University,2,19,2016,3,0,0,
488,2256500699,christine mattley,,3,1,2011,2,0,0,True
489,2257998911,jennifer ann morrow,University of Rhode Island,1,10,2006,3,0,1,True
490,2259117523,lisa defrankcole,,2,10,2013,1,0,0,True
491,2259165646,jan rinehart,,3,16,2015,1,1,0,True
492,2259826572,suzanna m rose,Florida International University,1,2,2013,33,0,4,True
493,2262839552,yisheng peng,George Washington University,1,0,2020,0,0,0,
494,2263784347,mary a armstrong,Lafayette College,1,27,2015,4,1,2,True
495,2264004382,charles cerny,Air Force Research Laboratory,2,2,2015,0,0,0,False
496,2264022735,aleksandra luksyte,University of Western Australia,1,3,2019,1,0,1,True
497,2267672815,caroline m delong,,1,3,2015,0,0,0,True
498,2269238227,ellen e newell,Wilkes University,1,0,2018,1,0,0,True
499,2271857753,siya mehtani,Rice University,1,154,2013,0,0,0,True
500,2273052812,sable a smith,University of Massachusetts Lowell,1,2,2019,1,0,0,True
501,2273893292,natalya yassinskaya,George Washington University,1,46,2010,0,0,0,True
502,2275109369,h david snyder,,1,2,2016,1,0,1,
503,2276880987,m layne,,1,0,2014,0,0,0,
504,2277381562,janice rinehart,National Science Foundation,1,154,2013,0,0,0,True
505,2277739274,diana rhoten,Social Science Research Council,1,176,2007,0,0,1,True
506,2279239303,anne e lincoln,Southern Methodist University,2,144,2011,4,0,0,True
507,2281641410,christine kaunas,,1,0,2015,0,0,0,True
508,2284472405,megan shaw,George Washington University,1,46,2010,0,0,0,True
509,2289616964,marcy p osgood,,1,1,2014,0,0,0,True
510,2292480150,m muguira,Kansas State University,1,1,2007,0,0,0,
511,2293036291,elaine maldonado,Fashion Institute of Technology,1,0,2013,0,0,0,True
512,2295775664,ian m handley,,5,160,2014,3,0,0,False
513,2295978737,barbara e smith,,2,2,2010,0,1,1,True
514,2297387248,laura mamo,,1,1,2020,16,1,1,True
515,2298275501,sean joseph creighton,,3,3,2013,0,0,0,False
516,2299741127,david andrew singer,Massachusetts Institute of Technology,1,9,2018,0,0,0,False
517,2301080963,jeanlou chameau,Georgia Institute of Technology,1,39,2006,0,0,0,
518,2303361199,e barany,New Mexico State University,1,1,2005,0,0,0,False
519,2304058699,dwaine plaza,Oregon State University,2,9,2018,8,0,4,False
520,2304282372,caitlin donahue wylie,,1,0,2019,2,0,0,True
521,2304616669,xiaohong xu,Old Dominion University,3,26,2014,2,0,0,
522,2305071707,amy l hillard,Adrian College,2,83,2013,2,0,1,True
523,2305329920,jing zhang,,2,10,2018,0,0,0,True
524,2305944075,judyann bigby,Brigham and Women's Hospital,1,3,2007,2,1,6,True
525,2306439940,lauren v blackwell,University of Oklahoma,1,47,2009,1,0,0,True
526,2306959162,leigh harrell,Virginia Tech,1,0,2011,0,0,0,True
527,2307579553,shelley j correll,,3,1193,2007,16,0,3,True
528,2308061128,kacey beddoes,University of Massachusetts Lowell,5,62,2012,11,0,0,True
529,2308302303,dandan chen,,1,0,2017,0,0,0,False
530,2309870039,jeria l quesenberry,Carnegie Mellon University,1,9,2010,12,1,1,
531,2310214711,nellie tran,San Diego State University,1,2,2019,4,0,6,True
532,2311452508,l g lunsford,University of Arizona,1,15,2015,1,0,0,True
533,2314022016,lynn roberson,University of North Carolina at Charlotte,1,33,2011,0,0,0,True
534,2316015265,renetta g tull,"University of Maryland, Baltimore County",3,3,2015,2,4,7,False
535,2318470944,k m uhly,Northeastern University,1,34,2015,1,0,0,
536,2322729755,amanda s adams,University of North Carolina at Charlotte,3,7,2010,1,0,0,True
537,2328115742,myra marx ferree,University of Wisconsin-Madison,1,9,2019,83,13,4,True
538,2328377045,elizabeth dell,Rochester Institute of Technology,6,1,2015,0,1,0,True
539,2334645084,andrea gebhart rommel,,1,0,2015,0,0,0,False
540,2336507378,bhargab chattopadhyay,University of Texas at Dallas,2,2,2015,0,0,0,
541,2339082150,allison mitchall,,1,33,2014,0,0,0,True
542,2339470339,kelly cowdery,,1,33,2014,0,0,0,True
543,2339539115,joan peckham,University of Rhode Island,2,46,2006,0,0,0,True
544,2340617115,laura rhoton,,1,3,2010,1,0,0,True
545,2341832954,alexandra kuvaeva,"University of Maryland, College Park",4,34,2017,0,0,1,True
546,2342095080,kristen corrigan,"University of Maryland, College Park",1,11,2017,0,0,0,True
547,2342411640,m b arndt,,1,0,2016,0,0,0,True
548,2343772684,jasna jovanovic,California Polytechnic State University,1,27,2015,6,1,2,True
549,2345352129,jo handelsman,,12,314,2004,16,0,0,True
550,2346072049,tonya saddler,,1,1,2008,0,0,0,True
551,2346172827,jessica m deshler,West Virginia University,2,0,2013,1,0,0,True
552,2346353232,joanna n lahey,Texas A&M University,2,8,2017,2,4,7,True
553,2351327145,bradley gregory,Anderson University (South Carolina),1,13,2013,1,1,0,False
554,2355871441,jennifer eliason,,1,33,2014,0,0,1,True
555,2358663456,ashley d rittmayer,,2,35,2009,0,0,0,True
556,2363739712,linda a longmitchell,,1,10,2009,1,1,1,True
557,2371749746,rachel w kallen,,3,3,2014,2,1,1,True
558,2381022612,suzanne e franks,,1,1,2006,3,0,0,True
559,2398500202,sue v rosser,San Francisco State University,10,394,2004,41,3,3,True
560,2398899648,b paul,Air Force Research Laboratory,2,2,2015,0,0,0,
561,2400331866,kaitlin t mccormick,Pennsylvania State University,1,3,2018,2,1,0,True
562,2409928674,james g dahl,,1,0,2015,2,0,0,False
563,2410874004,suzanne held,Montana State University,1,4,2017,1,0,1,True
564,2413250202,laura hartin weathers,University of Alabama at Birmingham,1,5,2012,0,0,0,True
565,2421043667,l m visser,Radboud University Nijmegen,1,34,2015,2,0,0,True
566,2421094468,janine p buckner,,1,5,2011,2,0,0,True
567,2422883807,jana renner martinez,University of Texas at El Paso,1,2,2006,0,0,0,True
568,2423310219,benjamin e liberman,Columbia University,1,86,2011,5,0,2,False
569,2424014445,patricia witherspoon,University of Texas at El Paso,1,3,2008,0,0,0,True
570,2429241807,katrina knudsen,,1,61,2013,0,0,0,True
571,2433195160,debra l franko,"College of Health Sciences, Bahrain",1,3,2016,0,0,0,True
572,2433361423,sally chapman,Barnard College,1,5,2011,2,0,0,True
573,2439284215,nelly p stromquist,"University of Maryland, College Park",1,33,2015,28,0,1,True
574,2441660879,carole j bland,,1,44,2007,1,0,0,True
575,2443535361,kimberly k buch,University of North Carolina at Chapel Hill,1,19,2010,0,0,0,True
576,2460414593,kelly m hoffman,University of Virginia,1,2,2021,0,0,11,True
577,2462176245,elaine c dicicco,Pennsylvania State University,1,3,2018,4,1,0,True
578,2463954166,kathleen moore,,1,0,2015,0,0,0,True
579,2464557891,leanne devreugd,,1,0,2015,0,0,0,True
580,2467132314,carol marchetti,Rochester Institute of Technology,10,8,2011,1,1,0,True
581,2468003812,eleanor palo stoller,Case Western Reserve University,1,87,2006,4,0,1,True
582,2470080021,mark rivera,"University of Maryland, College Park",1,11,2017,1,0,1,False
583,2472913432,michael young,,1,0,2016,0,0,0,False
584,2473463041,anna neumann,,1,144,2008,2,0,0,True
585,2473694256,ruth a dyer,Kansas State University,6,3,2005,1,0,1,True
586,2475759418,jill granger,,1,0,2010,0,0,0,True
587,2477810638,julia n savoy,,1,13,2014,0,0,1,True
588,2478999165,daniel j svyantec,,1,0,2010,0,0,0,False
589,2479245188,mary anne holmes,National Science Foundation,1,7,2014,0,0,0,True
590,2480249997,cynthia d anderson,,4,2,2011,2,0,0,True
591,2481301418,samantha c january,,1,12,2019,1,0,0,True
592,2481404825,erin l cadwalader,University of Toledo,1,0,2014,0,0,0,True
593,2482214364,ruth beeston,,1,0,2010,0,0,0,True
594,2482354702,j p carpenter,,1,0,2011,5,1,2,True
595,2483439026,kasi jackson,,1,13,2014,1,0,0,True
596,2485427425,mychel estevez,,1,4,2014,0,0,0,False
597,2487650959,si hyun kim,University of Texas at El Paso,1,0,2015,1,0,0,False
598,2488645776,alice b popejoy,,1,4,2014,2,0,0,True
599,2489275364,nicole r thomas,Ohio State University,2,84,2015,2,0,0,True
600,2490952571,darlene loprete,,1,0,2010,0,0,0,True
601,2491240952,leslie lyons,,1,0,2010,0,0,0,True
602,2494097312,theresa m vitolo,,1,0,2016,0,0,0,True
603,2494870149,angela mae kupenda,,2,0,2014,2,3,2,True
604,2494925734,susan walzer,,1,1,2014,0,0,0,True
605,2497492871,sara rushing,,4,52,2013,5,0,0,True
606,2497819054,susan perry,Case Western Reserve University,1,87,2006,0,0,0,True
607,2500267035,michelle hughes miller,,1,0,2014,0,0,0,True
608,2501437936,erin l cadwalader,,1,4,2014,2,0,0,True
609,2501958653,helen mederer,University of Rhode Island,2,46,2006,2,0,0,True
610,2502484866,debra meyerson,Saint Petersburg State University,1,211,2000,13,0,1,True
611,2503246285,victoria r brown,,1,0,2010,0,0,0,True
612,2504050391,j l smith,,1,0,2004,0,0,0,True
613,2504335437,lisa gaines,Oregon State University,1,5,2019,0,0,0,True
614,2504485901,mushtaq abdal rahem,,1,2,2016,0,0,0,False
615,2505542151,d valentine,,1,0,2010,1,0,0,
616,2506358858,chris m ray,,1,3,2014,1,0,0,False
617,2507455473,christine maidl pribbenow,,7,66,2006,2,0,3,True
618,2510350164,laurie clayton,,2,0,2014,0,0,0,True
619,2511482876,elizabeth neihaus,,1,17,2016,0,0,0,True
620,2512069233,arelis moore de peralta,Clemson University,2,2,2020,5,0,1,True
621,2514294625,lauren ketcham,New Mexico State University,1,9,2005,0,0,0,True
622,2515286958,tom waidzunas,Temple University,1,0,2016,2,0,0,False
623,2515600456,frances carterjohnson,National Science Foundation,1,1,2016,0,0,0,True
624,2516261647,maria nandadevi cortesrodriguez,,1,1,2015,0,0,0,True
625,2517372011,anna k lee,,1,12,2019,1,2,4,True
626,2520530416,marisol mercado santiago,Purdue University,1,2,2013,0,0,1,False
627,2524745512,priti n modypan,,1,6,2016,0,0,0,True
628,2525042970,daniel j poole,Ohio State University,1,17,2015,1,0,0,False
629,2526355943,karen r pearson,Fashion Institute of Technology,1,0,2013,0,0,0,True
630,2530197478,janet trubatch,University of Rhode Island,1,21,2006,1,0,0,True
631,2547270484,dina banerjee,Shippensburg University of Pennsylvania,5,18,2010,2,0,5,True
632,2548529863,j denard thomas,University of Arizona,1,15,2015,0,0,0,
633,2549346428,evelyn j leggette,,2,0,2014,1,3,0,True
634,2549463126,bridget l gourley,,2,19,2010,2,0,0,True
635,2550397512,loretta moore,,2,1,2019,1,3,0,True
636,2551496655,tori c byington,,1,1,2019,1,0,0,True
637,2551783969,julie walters,,1,0,2015,0,0,0,True
638,2553007968,principal investigator,,1,0,2011,0,0,0,
639,2553295380,zarrina h juraqulova,Denison University,1,2,2019,2,0,0,True
640,2554586560,daniela veliz,,1,24,2014,2,0,0,True
641,2555323866,susan l carlson,,1,0,2011,0,0,0,True
642,2557640955,kyle jones,Purdue University,1,6,2014,1,0,0,False
643,2559017196,catherine j taylor,,1,9,2016,3,0,2,True
644,2559401602,wendy a dannels,Rochester Institute of Technology,2,1,2016,1,0,0,True
645,2561011836,demarco moderator devon a,,1,0,2013,0,0,0,False
646,2561789806,jennifer moxley,,1,0,2013,0,0,0,True
647,2561985030,sheri perelli,Wayne State University,1,71,2013,4,0,0,True
648,2562508821,beth wiemann,,1,0,2011,0,0,0,True
649,2562510097,john kidder,,1,0,2013,0,0,0,False
650,2562691623,mike kinnison,,1,0,2013,0,0,0,False
651,2563875823,john rebar,,1,0,2011,0,0,0,False
652,2563902413,martha a potvin,Montana State University,1,40,2015,1,0,0,True
653,2563994924,deveny benting,University of Wisconsin-Madison,2,12,2006,1,0,0,True
654,2565360867,karen horton,,1,0,2013,0,0,0,True
655,2565718871,amy levine,,1,5,2011,0,0,0,True
656,2566267202,sulinski moderator francine,,1,0,2011,0,0,0,False
657,2566273257,tarani j merriweather,Columbia University,1,86,2011,0,0,1,
658,2566892948,carlos padin,,1,1,2016,0,0,0,False
659,2568388388,cay andersonhanley,Union College,2,6,2012,0,0,0,True
660,2568739552,deborah g johnson,,1,47,2006,1,0,1,True
661,2571434497,kathleen buse,Case Western Reserve University,1,71,2013,4,0,2,True
662,2578640762,jessica c bennett,,1,17,2016,2,0,3,True
663,2579749444,alyssa w goldman,,1,9,2016,0,1,2,True
664,2580476687,julie t millard,Colby College,2,0,2010,1,0,0,True
665,2582810462,claudia c cogliser,Texas Tech University,1,4,2018,0,0,0,True
666,2583509683,richard a posthuma,University of Texas at El Paso,2,47,2008,6,0,0,False
667,2584752546,trisha phillips,West Virginia University,1,3,2019,0,0,0,True
668,2586508704,denice denton,,1,185,2005,2,0,0,True
669,2586513639,barb silver,,1,1,2006,0,0,0,True
670,2586949083,mercedes riverhudec,,1,1,2006,0,0,0,True
671,2588679037,sarah morton,Washington State University,2,2,2018,0,0,0,True
672,2592050690,betsy homsher,Kettering University,1,0,2006,0,0,0,True
673,2592385764,beth mitchneck,University of Arizona,1,27,2016,1,0,0,True
674,2592602126,j vance,,1,0,2005,0,0,0,
675,2593122818,r kelly,,1,0,2005,0,0,0,
676,2593615101,t bhatia,,1,0,2004,0,0,0,
677,2594385766,judy raper,University of Missouri,1,0,2006,0,0,0,True
678,2594552066,francesca manzi,New York University,1,6,2019,3,0,0,True
679,2594860465,karen elizabeth clark,,1,0,2012,0,0,0,True
680,2596319982,maggie varga,,3,3,2013,0,0,0,True
681,2596335389,helena a rodrigues,University of Arizona,1,15,2015,0,0,1,True
682,2596394045,diana lynn cahill,,3,3,2013,0,0,0,True
683,2596958264,li cao,,1,2,2017,1,0,0,True
684,2598454787,barbara lee,,3,205,2009,4,0,1,True
685,2598627276,yarazeth medina,,1,1,2015,0,0,2,
686,2598651457,shobha k bhatia,,3,4,2004,6,0,0,True
687,2598852867,kathleen kenney,,2,3,2016,0,1,0,True
688,2598864314,theresa p atkinson,Clemson University,1,4,2018,0,0,0,True
689,2599381801,janet bandows koster,Association for Women in Science,1,122,2012,1,0,0,True
690,2600798976,tom mckenzie,University of London,1,11,2014,0,0,0,False
691,2601410985,ivonne montes,Northwestern University,1,1,2019,1,0,2,True
692,2602005920,darlene f saporu,Loyola University Chicago,1,1,2015,1,0,0,True
693,2602013582,britt a holmen,,1,0,2006,1,0,0,True
694,2602304884,carla fehr,Iowa State University,4,35,2008,6,0,0,True
695,2604625488,paula rayman,University of Massachusetts Lowell,1,2,2019,1,0,0,True
696,2605421380,joy honea,,2,12,2017,0,0,0,True
697,2605427282,gina m williams,,1,3,2011,0,0,0,True
698,2605461867,kim dam,George Washington University,1,46,2010,0,0,0,True
699,2606047635,lucy e bailey,,1,5,2009,2,0,0,True
700,2606532558,jia yu,,2,10,2018,0,0,1,
701,2606588477,melanie c page,,1,5,2009,2,0,0,True
702,2607604918,joseph mcguire,,1,0,2018,0,0,0,False
703,2608345671,p balsam,,2,4,2007,0,0,0,
704,2609424745,jacqueline r mozrall,,1,3,2011,0,0,0,True
705,2609523969,katherine clayton,Stanford University,1,0,2017,1,0,4,True
706,2610033688,ann howard,,1,3,2015,0,0,0,True
707,2610063729,donna britton,Kansas State University,1,0,2011,0,0,0,True
708,2610086291,elizabeth hoffman,,1,0,2012,0,1,0,True
709,2610491782,sandra holbrook,North Dakota State University,1,2,2017,1,0,0,True
710,2612489059,said alriyami,University of Texas at El Paso,1,0,2015,1,0,0,False
711,2612506608,sue guenterschlesinger,,1,0,2012,0,0,0,True
712,2613116796,danielle m young,Rutgers University,1,100,2013,11,0,11,True
713,2614013573,kathy sukalski,University of North Dakota,1,1,2011,0,0,0,True
714,2614875949,cassandra groen,,1,1,2010,0,0,0,True
715,2615665045,cecily jesercannavale,New Mexico State University,1,9,2005,0,0,0,True
716,2616032003,fabian m h schellhaas,Yale University,1,102,2017,0,0,1,False
717,2616759106,deborah a oneil,Bowling Green State University,1,19,2019,5,0,0,True
718,2617531236,lawrence d bobo,Harvard University,1,9,2014,21,0,44,False
719,2617598274,carol ann miderski,,1,0,2010,0,0,0,True
720,2617677652,jill jones,,1,61,2013,0,0,0,True
721,2617706363,laura ramsey,,1,0,2016,0,0,0,True
722,2618328987,dina banerjee,Indian Institute of Management Udaipur,1,8,2013,0,0,0,True
723,2618702420,kimberley frederick,,1,2,2010,0,0,0,True
724,2619072189,debbie kaminski,,1,29,2007,0,0,0,True
725,2619562151,suzanne oconnell,,6,85,2003,4,0,1,True
726,2619959442,kristine de welde,,2,30,2008,1,1,0,True
727,2620654073,jessica m walker,Texas A&M University,1,0,2021,1,0,0,True
728,2623009120,alexandra a henderson,Zayed University,1,4,2018,0,0,0,True
729,2623992549,rebecca m belou,,3,16,2017,2,0,0,True
730,2625075936,patricia hyer,,2,3,2005,1,0,0,True
731,2625348782,nancy m tooney,,1,5,2011,1,0,0,True
732,2625705683,elizabeth birmingham,,4,1,2010,2,0,0,True
733,2626210664,mary madden,,1,0,2013,1,0,0,True
734,2627519896,barbara grosz,,1,185,2005,1,0,0,True
735,2628406640,diane m debinski,,2,1,2008,0,2,0,True
736,2628695718,felicia f dixon,American Chemical Society,1,5,2011,1,0,0,True
737,2629006096,chatanika stoop,Montana State University,2,4,2014,1,0,0,True
738,2629498337,eleanor groden,,1,0,2011,0,0,0,True
739,2629590692,peter balsam,,1,2,2008,0,0,0,False
740,2630878709,youngmin yi,,1,4,2013,0,0,4,
741,2631506828,m vega,,1,0,2003,0,0,0,
742,2632464421,terry s king,Kansas State University,1,0,2006,0,0,0,False
743,2633840986,katherine richardson bruna,,1,0,2012,0,1,0,True
744,2635914277,gabriela weaver,,1,13,2017,0,0,0,True
745,2636397132,kimberly a sullivan,,2,12,2010,1,0,0,True
746,2636812259,g a arbucklekeil,,1,0,2010,1,0,0,
747,2637607574,kate jingjing zhang,,1,33,2014,0,0,0,True
748,2638899983,karen chang yan,,1,0,2012,0,0,0,False
749,2641844850,susan tucker,,1,1,2011,0,0,0,True
750,2643218825,melissa soto,Michigan State University,2,12,2015,1,0,0,True
751,2644482943,jeff reynolds,Northern Illinois University,1,1,2015,0,0,0,False
752,2645521448,nancy cantor,,1,185,2005,2,0,0,True
753,2646588658,ruth e fassinger,John F. Kennedy University,1,5,2004,48,1,6,True
754,2646617180,sara wadiafascetti,,1,0,2014,0,0,0,True
755,2647488489,beatriz hernandez,University of Puerto Rico at Humacao,1,0,2007,0,0,0,True
756,2647838400,karen wishner,,1,1,2006,0,0,0,True
757,2651045609,christine hult,,1,67,2005,0,0,0,True
758,2652518764,kristie dotson,Michigan State University,1,12,2020,9,7,3,True
759,2653387564,sharon r bird,,4,7,2008,0,2,1,True
760,2654084423,kim sullivan,,1,67,2005,0,0,0,True
761,2655760005,kelsey morgan irvin,,5,4,2014,1,0,0,True
762,2655810595,lynn pasquerella,,1,1,2006,0,0,0,True
763,2656068086,evelyn posey,,1,2,2006,0,0,0,True
764,2656172807,rose kontak,,1,4,2012,0,0,0,True
765,2656417294,elizabeth hiteshue,,5,4,2014,1,0,0,True
766,2657342675,jan rinehart,,1,0,2008,0,0,0,True
767,2657609215,ruth guthrie,,1,6,2009,4,0,0,True
768,2658137115,stacie f holloway,University of Cincinnati,2,0,2014,0,0,0,True
769,2659928349,lindsay palmer,Pennsylvania State University,1,2,2021,4,0,0,True
770,2663361546,margaret layne,,1,2,2009,0,0,0,True
771,2663914283,s hochheiser,Stevens Institute of Technology,1,1,2015,0,0,0,
772,2665196531,lourdes a medina,,1,1,2015,0,0,0,True
773,2665362533,r kontak,Brown University,3,2,2010,1,0,0,True
774,2665414445,lisa grega,,1,0,2012,0,0,0,True
775,2667428746,michelle beadle holder,,1,1,2015,0,0,0,True
776,2669270878,g boudreauxbartels,,1,1,2006,0,0,0,
777,2669953156,amy fried,,1,0,2011,0,0,0,True
778,2670048181,pamela russell dr,,1,0,2016,0,0,0,True
779,2670058981,donna j dean,West Virginia University,1,0,2020,1,0,0,True
780,2670150484,sharon r bird,,3,168,2010,9,0,1,True
781,2671381104,virginia hinshaw,,1,185,2005,1,0,0,True
782,2671699204,jo reger,,1,0,2015,0,0,0,True
783,2672113070,julie simmons ivy,,2,2,2018,1,1,1,True
784,2672689835,annemarie slaughter,,1,36,2014,2,0,0,True
785,2672734080,overtoun jenda,,2,1,2010,0,0,0,False
786,2672756591,jessica cannady,,1,12,2019,0,1,0,True
787,2673391557,debra m gilbuena,,1,0,2014,0,0,1,True
788,2673408315,steve howe,Purdue University,2,0,2014,0,0,0,False
789,2673696444,laila guessous,,1,0,2015,0,0,0,True
790,2673845761,kathleen l kitto,,1,0,2012,0,0,0,True
791,2674209636,amy fried,,1,0,2013,1,0,0,True
792,2674308712,jocelyn chertoff,,1,59,2011,1,0,0,True
793,2678047392,suriza vandersandt,,1,0,2012,0,0,0,
794,2678207730,e camargo,,1,0,2014,0,0,0,
795,2681423309,toni alexander,,2,1,2010,0,0,0,True
796,2682544966,a e michaels,,1,2,2007,0,0,0,
797,2682829269,karlene a hoo,Texas Tech University,1,5,2012,0,0,0,True
798,2683471948,elisabeth j hufflonergan,,1,0,2012,0,1,0,True
799,2685340056,jinghui bao,,1,110,2011,0,0,0,
800,2686288225,amanda norvell,,1,0,2012,0,0,0,True
801,2687368519,delois kijana crawford,,2,1,2016,0,0,0,True
802,2689098613,margaret layne,,3,4,2005,0,0,0,True
803,2690587991,jan rinehart,,1,0,2014,0,0,0,True
804,2691023195,marie wooten,,2,1,2010,0,0,0,True
805,2691688869,dorothy klimiszacas,,1,0,2011,0,0,0,True
806,2692471949,donna e shalala,,1,185,2005,3,0,1,True
807,2692813421,alice b popejoy,University of Washington,1,3,2012,1,0,3,True
808,2696163300,tim archie,University of Colorado Boulder,1,3,2015,0,0,0,False
809,2697538039,monica adya,Marquette University,1,9,2010,5,1,0,True
810,2698277948,jim nolan,,1,13,2014,1,0,0,False
811,2699283155,michael geselowitz,,6,4,2014,1,0,0,False
812,2706197696,mary loeffelholz,Northeastern University,1,3,2016,3,0,0,True
813,2706405246,cynthia simpson,,1,0,2020,1,0,0,True
814,2708404000,steven lalonde,,1,3,2011,0,0,0,False
815,2709121774,deborah a mccarthy,Saint Mary's College,1,5,2011,1,0,0,True
816,2710134504,kris de welde,Florida Gulf Coast University,1,61,2011,1,0,0,False
817,2711345933,d patrick oneal,,1,0,2011,0,0,0,
818,2712543484,karen j sherman,,1,21,2006,1,0,0,True
819,2713167710,gilda a barabino,Georgia Institute of Technology,1,127,2009,1,0,2,True
820,2715249141,jeremy paul stringer,,1,0,2016,0,0,0,False
821,2715383781,sushanta mohapatra,,1,140,2007,0,0,0,
822,2715926839,simon pitts,,1,0,2014,0,0,0,False
823,2716947732,mirjam s glessmer,,1,4,2012,0,0,0,True
824,2717704076,michaela young,Montana State University,1,4,2017,1,0,0,True
825,2721466688,susan j lamont,,1,0,2012,0,1,0,True
826,2721863995,sheldon hochheiser,,1,2,2014,0,0,0,False
827,2722206854,sherry woods,,1,0,2008,0,0,0,True
828,2723366132,deborah j obannon,,2,15,2005,0,0,0,True
829,2723540919,edwin diaz,University of Puerto Rico at Humacao,1,0,2007,0,0,0,False
830,2724013551,david knights,,1,35,2011,40,1,3,False
831,2725738036,cynthia hess,,1,4,2013,0,0,2,True
832,2725958114,barbara gault,,1,4,2013,0,0,1,True
833,2727451325,lisa christenson,,1,2,2013,1,0,0,True
834,2727897931,barbara prince,,1,8,2014,0,0,0,True
835,2729136458,jean van delinder,,1,5,2009,1,0,0,False
836,2732039665,rena linden,,1,2,2013,1,0,0,True
837,2732238021,una bray,,1,2,2013,1,0,0,True
838,2733595474,john fink,Columbia University,1,1,2017,0,0,4,False
839,2736861225,brittany ortiz,University of New Mexico,2,0,2017,0,0,2,True
840,2742635268,gregory alan good,,1,0,2017,1,0,0,False
841,2742681975,samantha laurel swanson,,1,0,2017,1,0,0,True
842,2742899329,maryann c hellrigel,,1,0,2017,1,0,0,True
843,2743041733,caroline missouri wochnick,,1,0,2017,1,0,0,False
844,2743232117,hannah bech,,1,0,2017,1,0,0,True
845,2743874182,amanda marie kapetanakis,,1,0,2017,1,0,0,True
846,2744523908,peggy layne,,1,0,2010,1,0,0,True
847,2744538346,cara margherio,,4,11,2016,4,0,1,True
848,2750202822,amanda c bryantfriedrich,University of Toledo,1,0,2014,1,1,0,True
849,2758735626,elisa m konieczko,,1,0,2016,0,0,0,True
850,2759444071,sarah ballard,,1,0,2017,1,0,0,True
851,2759565882,weslene tallmadge,,1,0,2016,0,0,0,True
852,2762573301,c taylor,Case Western Reserve University,1,87,2006,0,0,0,False
853,2765142165,yimin he,University of Nebraska Omaha,2,1,2020,0,0,0,
854,2765401259,blair schneider,,2,15,2020,1,0,1,False
855,2765801034,siyuan li,College of William & Mary,1,4,2018,0,0,0,
856,2766458955,peng zhao,Indiana University,1,0,2020,1,0,2,False
857,2768556416,susan foster,Rochester Institute of Technology,2,0,2014,2,0,0,True
858,2768594899,laura k nelson,Northeastern University,1,1,2021,3,1,1,True
859,2770809117,michelle c haynesbaratz,,1,0,2017,0,0,0,True
860,2771501964,lexie kambich,Montana State University,1,7,2017,0,0,0,True
861,2772845361,bonnie ruder,Oregon State University,2,9,2018,1,0,0,True
862,2775610526,dawn culpepper,,3,2,2020,1,0,0,True
863,2777001279,maya corneille,,1,12,2019,10,4,4,True
864,2777826042,cindy anderson,,1,1,2010,0,0,0,True
865,2780340521,carol b muller,,1,0,2018,2,2,1,True
866,2780778578,andrea e surovek,,3,1,2009,1,0,0,True
867,2782310129,martinque k jones,University of North Texas,1,12,2020,7,12,1,
868,2783239021,david e melnikoff,Yale University,1,3,2019,1,0,1,False
869,2788516154,jessica ivy,,1,0,2018,0,0,0,True
870,2788879013,litany lineberry,,1,0,2018,0,0,0,
871,2789802043,andi stepnick,,1,22,2014,1,0,0,False
872,2791007099,stephen netzley,University of Houston,1,3,2018,0,0,0,False
873,2791045196,folasade olufemiayoola,Pan-Atlantic University,1,3,2018,1,0,0,True
874,2791682826,emem laguda,Pan-Atlantic University,1,3,2018,0,0,0,True
875,2792070638,mary fran t malone,,1,2,2019,4,0,0,True
876,2792214781,david o renz,,2,15,2005,0,0,0,False
877,2792697733,linda garavalia,,2,15,2005,0,0,0,True
878,2792763250,kristine de welde,,1,22,2014,1,0,0,True
879,2794506809,heather walling doty,,3,0,2017,1,0,0,True
880,2794589976,robin andreasen,,2,0,2017,0,0,0,False
881,2796930839,latecia m abrahamhilaire,,1,4,2018,1,0,0,
882,2797730390,cristina m lopez,,1,4,2018,1,0,0,True
883,2798048768,carol feghalibostwick,,2,4,2018,2,0,0,True
884,2798341729,damani whitelewis,"University of California, Los Angeles",1,1,2017,0,1,1,
885,2798811322,kacey beddoes,Purdue University,2,7,2014,1,0,0,True
886,2800444577,eric e griffith,,1,2,2018,1,0,0,False
887,2801554065,l pamela cook,,1,0,2017,0,0,0,
888,2804970737,kate nash cunningham,University of New Mexico,1,0,2018,0,0,0,False
889,2805109863,thuy t tran,,1,0,2018,0,0,0,True
890,2805236876,kali furman,Oregon State University,1,5,2019,0,0,0,True
891,2806073947,padma akkaraju,,1,0,2018,0,0,0,True
892,2806154081,shawna vican,,1,0,2018,0,1,0,True
893,2806538720,rania sanford,,1,0,2018,0,1,0,True
894,2806805100,hong zhang,,2,1,2018,0,0,0,
895,2806973081,michele c deramo,,1,0,2018,0,1,0,True
896,2807035266,saejin kwak tanguay,,2,2,2018,1,1,0,
897,2807445041,andrea zigler,,1,0,2018,0,0,0,True
898,2807602098,nicole n aljoe,,1,0,2018,0,1,0,True
899,2807691160,susan m shaw,Oregon State University,1,5,2019,0,0,0,True
900,2848971678,justin r young,,1,2,2019,1,0,0,False
901,2861654805,eugene ohu,,1,7,2019,0,0,0,False
902,2862705306,derrick langley,,6,5,2013,1,0,0,False
903,2883327080,beth burroughs,,1,0,2014,0,0,0,True
904,2891198354,o dorian boncoeur,University of Texas at Dallas,1,3,2019,0,0,0,
905,2893057807,molly i beck,University of Arkansas,2,8,2017,0,0,0,True
906,2893879365,marie t mora,,1,0,2018,3,2,12,True
907,2897235078,deidre wheaton,,2,1,2019,1,3,0,True
908,2898339333,angelika love,University of Oxford,1,102,2017,0,0,0,True
909,2898382885,lauren hawthorne,Rockhurst University,1,0,2018,0,0,0,True
910,2898952033,courtney lennartz,"University of Maryland, College Park",3,23,2018,0,0,1,True
911,2899314414,kathleen oconnell,,1,0,2006,0,0,0,True
912,2904146667,allison mattheis,"California State University, Los Angeles",2,21,2019,6,2,2,True
913,2904375468,megan bruun,Montana State University,1,6,2018,0,0,0,True
914,2904967249,chris m ray,,1,0,2017,0,0,0,False
915,2907868282,anne osezua,,1,7,2019,0,0,0,True
916,2908720462,kelly k dray,,1,12,2019,1,0,0,True
917,2910733342,lindsey templeton,,1,0,2018,1,0,1,True
918,2911459358,mary triana,,1,0,2007,0,0,0,True
919,2912081267,c danielle grimes,,1,0,2018,0,0,0,
920,2912255528,maria fernanda garcia,,1,0,2007,0,0,0,True
921,2912796691,vemitra m white,,1,0,2018,0,0,0,
922,2912992064,sherrice allen,,1,12,2019,0,2,0,True
923,2913121029,presha e neidermeyer,,1,4,2016,0,0,0,True
924,2913127108,eric arredondo,,1,0,2007,0,0,0,False
925,2913160559,michele g wheatly,,1,4,2016,0,0,0,True
926,2913575684,tugba metinyurt,,1,0,2017,0,0,0,True
927,2913940002,cynthia lopez,Oregon State University,1,5,2019,0,0,0,True
928,2914493028,alexia guess,,1,12,2019,0,1,0,True
929,2916276443,denise s kavin,Rochester Institute of Technology,1,0,2019,1,0,0,True
930,2916630454,becky petitt,,1,0,2019,0,1,0,True
931,2917335776,karen j beiter,Rochester Institute of Technology,1,0,2019,1,0,0,True
932,2918685289,larry r martinez,Pennsylvania State University,1,13,2015,20,0,1,False
933,2923954540,george d ricco,,1,1,2013,0,0,0,False
934,2931010021,sarah b lee,,1,0,2018,0,0,0,True
935,2940882843,beatriz zayas,,1,1,2016,0,1,0,True
936,2941656151,marci r mcmahon,,1,0,2018,0,0,0,True
937,2944027040,gertrude fraser,,1,0,2019,1,0,0,True
938,2944378138,catherine uffman,,1,0,2019,1,0,0,True
939,2944772806,suzanne oconnell,,1,24,2015,0,0,0,True
940,2944818292,shawna vican,University of Delaware,2,10,2019,1,0,0,True
941,2946749705,alena hofrova,,1,0,2020,2,0,0,True
942,2947441062,kristen intemann,,2,12,2017,8,1,0,True
943,2952789603,ellen e newell,University of Maine,1,21,2013,0,0,0,True
944,2955455167,emily alicia affolter,,1,0,2019,0,0,0,True
945,2958875636,r kyle saunders,Florida State University,1,3,2019,0,0,0,
946,2960884329,sue giancola,,1,0,2019,1,0,0,True
947,2962971177,roberta e sabin,,1,0,2019,0,0,0,True
948,2963128075,graciela lacueva,,1,0,2019,0,0,0,True
949,2963214449,cathleen mcgrath,,1,0,2019,0,0,0,True
950,2963310058,catherine cronin,,1,0,2019,0,0,0,True
951,2963817270,ji ying song,,1,0,2019,0,0,0,True
952,2963876442,xiaohui zhong,,1,0,2019,0,0,0,
953,2964306639,janice voltzow,,1,0,2019,0,0,0,True
954,2965192458,j w bennett,Rutgers University,1,44,2013,4,0,0,True
955,2966446403,mary c mattis,,1,111,2007,3,0,0,True
956,2970063226,mary feng,,1,0,2005,0,0,0,True
957,2970349633,andrea dulin,University of North Carolina at Chapel Hill,1,0,2019,0,0,0,True
958,2970707962,hailey christine,,1,0,2005,0,0,0,True
959,2970779527,ryan dupont,,1,0,2005,0,0,0,False
960,2972672265,elizabeth litzler,,1,0,2019,0,0,0,True
961,2972829356,montana james,,1,0,2019,0,0,0,True
962,2973273509,c lewis,Kansas State University,1,1,2007,0,0,0,
963,2973275206,lauren m obrien,,1,9,2014,0,0,0,True
964,2973507702,julie carpenterhubin,,1,0,2015,0,0,0,True
965,2973653704,e kim,Northern State University,1,8,2007,0,0,0,
966,2973712686,anish bavishi,Rice University,1,48,2010,1,0,0,False
967,2973869594,aleece hodges,,1,13,2013,0,0,0,True
968,2973992939,loretta a moore,,1,0,2014,0,1,0,True
969,2974029873,joan m herbers,,1,0,2015,0,0,0,True
970,2974879553,jason sullivan,,1,0,2015,0,0,0,False
971,2976639276,chrysanthe demetry,,1,1,2019,1,0,0,False
972,2977757282,megan e murphy,University of Wisconsin-Madison,1,7,2019,1,1,0,True
973,2979434966,julie chen,University of Massachusetts Lowell,1,2,2019,1,0,0,True
974,2979977006,brita dean,University of Massachusetts Lowell,1,2,2019,1,0,0,True
975,2980058262,darlene shaw,Medical University of South Carolina,1,1,2018,1,0,0,True
976,2980238526,patricia frankin,Northwestern University,1,2,2019,1,0,0,True
977,2981706141,jessica drennan,,1,3,2013,0,0,0,True
978,2984925055,advancenebraska evaluation team,,1,0,2011,0,0,0,
979,2986121241,faye linda wachs,"California State Polytechnic University, Pomona",1,15,2007,12,1,0,True
980,2988845893,m holmes,,1,0,2011,0,0,0,
981,2989996183,a staudt,,1,0,2010,0,0,0,
982,2993258773,daniel svyantek,,1,1,2011,0,0,0,False
983,2994669802,s l laursen,,1,2,2010,0,0,0,
984,2995339709,erin winterrowd,,1,0,2019,0,0,0,True
985,2995466793,alexa jayne,,1,0,2019,0,0,0,True
986,2995774622,m kogan,,1,2,2010,0,0,0,
987,2996441231,ashley lyons,,1,0,2019,0,0,0,True
988,2996627837,travis brace,,1,0,2019,0,0,0,False
989,2996702462,maame esi coleman,,1,0,2019,0,0,0,True
990,2998285453,sarah kilmer,"University of Maryland, College Park",1,1,2020,0,0,0,True
991,2999222845,annie heck,,1,0,2020,0,0,0,True
992,3005208716,peggy layne,,1,0,2017,0,0,0,True
993,3005485455,marc lewis,,1,0,2017,0,0,0,False
994,3008549824,s l laursen,,1,0,2011,1,0,0,
995,3008734923,m kogan,,1,0,2011,1,0,0,
996,3021177905,a m de boer,,1,0,2010,0,0,0,
997,3026150111,stephen brown,,1,0,2020,2,0,0,False
998,3026529344,cynthia m sims,Clemson University,3,2,2020,5,0,1,True
999,3027098946,angela d carter,Clemson University,3,2,2020,4,0,0,True
1000,3036880721,s l laursen,,1,0,2011,1,0,0,
1001,3040966375,cynthia anderson,,1,0,2020,1,0,0,True
1002,3041431814,pam f rowland,,1,0,2020,1,0,0,True
1003,3041655148,alyssa m kiesow,,1,0,2020,1,0,0,True
1004,3041781355,andrea lyn liebl,,1,0,2020,1,0,0,True
1005,3042157950,mary emery,,1,0,2020,1,0,0,True
1006,3044103672,elizabeth beise,,1,0,2020,0,0,0,True
1007,3052059465,linda fritz,,1,0,2010,0,0,0,True
1008,3088044357,diane harris,,1,1,2020,0,1,0,True
1009,3088056203,helga van miegroet,,1,5,2019,2,0,0,True
1010,3088550506,sally g pasion,,1,1,2020,0,1,0,True
1011,3088679907,nancy counts gerber,,1,1,2020,0,1,0,True
1012,3088773166,carmen r domingo,,1,1,2020,0,1,0,True
1013,3088789479,melissa latimer,,1,3,2019,0,0,0,True
1014,3088821660,sue v rosser,,1,1,2020,0,1,0,True
1015,3089071465,r david rebanal,,1,1,2020,0,1,0,
1016,3089381092,a deboer,,1,0,2011,1,0,0,
1017,3091008716,m kogan,,1,0,2011,1,0,0,
1018,3112200232,karen j horton,,1,0,2013,1,0,0,True
1019,3113728199,peter stephenson,,1,45,2007,0,0,0,False
1020,3118073725,kristin k frady,,1,0,2020,0,0,0,True
1021,3121258550,joan lorden,University of North Carolina at Chapel Hill,1,0,2019,0,0,0,True
1022,3124237509,yvette huet,University of North Carolina at Chapel Hill,1,0,2019,0,0,0,True
1023,3130693077,corey schimpf,,1,5,2014,0,0,0,False
1024,3131952132,lisa m dilks,Florida State University College of Arts and Sciences,2,22,2014,2,0,0,True
1025,3133603448,valerie davidson,Science and Engineering Research Council,1,4,2008,0,0,0,True
1026,3133629401,v davidson,,1,0,2005,0,0,0,
1027,3134074925,ala r qubaaj,,1,0,2018,0,0,0,True
1028,3137165551,valerie j kuck,College of Saint Elizabeth,1,5,2011,1,0,0,True
1029,3138614914,christine s grant,,2,2,2018,1,1,1,True
1030,3150462554,phoebe s leboy,,1,3,2012,1,0,0,True
1031,3160206134,johnnie hamiltonmason,Simmons College,1,8,2015,4,1,1,False
1032,3165561677,steve clark,,1,0,2020,0,0,0,False
1033,3168258038,m f garcia,University of Texas at Austin,1,36,2008,0,0,0,
1034,3168719505,annebarrie hunter,,1,1,2010,0,0,0,
1035,3169462187,joan marie herbers,,1,4,2012,1,0,0,True
1036,3171445186,a colella,Tulane University,1,36,2008,0,0,0,
1037,3171545701,joan m herbers,,1,4,2014,2,0,0,True
1038,3172414293,joan m herbers,Ohio State University,2,18,2015,2,0,1,True
1039,3174580622,moore de peralta md phd mph med arelis,,1,0,2020,1,0,0,False
1040,3175333446,michael wittmann,,1,0,2013,0,0,0,False
1041,3176041188,t holloway,,2,0,2010,1,0,0,
1042,3177035229,anand desai,,1,4,2012,1,0,0,False
